period,max_risk_intensity,below_threshold,consecutive_below,is_eradicated
2019-09,1.2667769665607214,False,0,False
2019-10,1.9924593841098805,False,0,False
2019-11,2.590260485237678,False,0,False
2019-12,3.0439636579008615,False,0,False
2020-05,3.1658417559607335,False,0,False
2020-06,3.424247157389404,False,0,False
2020-08,3.3366922996495445,False,0,False
2020-09,6.718191661594014,False,0,False
2020-10,6.495677613848166,False,0,False
